template_id,status,recommended_action,estimated_ctr,confidence_interval,total_sends,confidence_width,exploration_priority
TPL_0600,UNCERTAIN,CONTINUE_TESTING,0.5,"[0.000, 1.000]",0,1.0,HIGH
TPL_0599,UNCERTAIN,CONTINUE_TESTING,0.5,"[0.000, 1.000]",0,1.0,HIGH
TPL_0002,UNCERTAIN,CONTINUE_TESTING,0.5,"[0.000, 1.000]",0,1.0,HIGH
TPL_0003,UNCERTAIN,CONTINUE_TESTING,0.5,"[0.000, 1.000]",0,1.0,HIGH
TPL_0004,UNCERTAIN,CONTINUE_TESTING,0.5,"[0.000, 1.000]",0,1.0,HIGH
TPL_0005,UNCERTAIN,CONTINUE_TESTING,0.5,"[0.000, 1.000]",0,1.0,HIGH
TPL_0582,UNCERTAIN,CONTINUE_TESTING,0.5,"[0.000, 1.000]",0,1.0,HIGH
TPL_0580,UNCERTAIN,CONTINUE_TESTING,0.5,"[0.000, 1.000]",0,1.0,HIGH
TPL_0579,UNCERTAIN,CONTINUE_TESTING,0.5,"[0.000, 1.000]",0,1.0,HIGH
TPL_0578,UNCERTAIN,CONTINUE_TESTING,0.5,"[0.000, 1.000]",0,1.0,HIGH
TPL_0577,UNCERTAIN,CONTINUE_TESTING,0.5,"[0.000, 1.000]",0,1.0,HIGH
TPL_0575,UNCERTAIN,CONTINUE_TESTING,0.5,"[0.000, 1.000]",0,1.0,HIGH
TPL_0574,UNCERTAIN,CONTINUE_TESTING,0.5,"[0.000, 1.000]",0,1.0,HIGH
TPL_0573,UNCERTAIN,CONTINUE_TESTING,0.5,"[0.000, 1.000]",0,1.0,HIGH
TPL_0572,UNCERTAIN,CONTINUE_TESTING,0.5,"[0.000, 1.000]",0,1.0,HIGH
TPL_0570,UNCERTAIN,CONTINUE_TESTING,0.5,"[0.000, 1.000]",0,1.0,HIGH
TPL_0569,UNCERTAIN,CONTINUE_TESTING,0.5,"[0.000, 1.000]",0,1.0,HIGH
TPL_0568,UNCERTAIN,CONTINUE_TESTING,0.5,"[0.000, 1.000]",0,1.0,HIGH
TPL_0567,UNCERTAIN,CONTINUE_TESTING,0.5,"[0.000, 1.000]",0,1.0,HIGH
TPL_0038,UNCERTAIN,CONTINUE_TESTING,0.5,"[0.000, 1.000]",0,1.0,HIGH
TPL_0037,UNCERTAIN,CONTINUE_TESTING,0.5,"[0.000, 1.000]",0,1.0,HIGH
TPL_0035,UNCERTAIN,CONTINUE_TESTING,0.5,"[0.000, 1.000]",0,1.0,HIGH
TPL_0034,UNCERTAIN,CONTINUE_TESTING,0.5,"[0.000, 1.000]",0,1.0,HIGH
TPL_0033,UNCERTAIN,CONTINUE_TESTING,0.5,"[0.000, 1.000]",0,1.0,HIGH
TPL_0032,UNCERTAIN,CONTINUE_TESTING,0.5,"[0.000, 1.000]",0,1.0,HIGH
TPL_0030,UNCERTAIN,CONTINUE_TESTING,0.5,"[0.000, 1.000]",0,1.0,HIGH
TPL_0029,UNCERTAIN,CONTINUE_TESTING,0.5,"[0.000, 1.000]",0,1.0,HIGH
TPL_0028,UNCERTAIN,CONTINUE_TESTING,0.5,"[0.000, 1.000]",0,1.0,HIGH
TPL_0027,UNCERTAIN,CONTINUE_TESTING,0.5,"[0.000, 1.000]",0,1.0,HIGH
TPL_0025,UNCERTAIN,CONTINUE_TESTING,0.5,"[0.000, 1.000]",0,1.0,HIGH
TPL_0024,UNCERTAIN,CONTINUE_TESTING,0.5,"[0.000, 1.000]",0,1.0,HIGH
TPL_0023,UNCERTAIN,CONTINUE_TESTING,0.5,"[0.000, 1.000]",0,1.0,HIGH
TPL_0054,UNCERTAIN,CONTINUE_TESTING,0.5,"[0.000, 1.000]",0,1.0,HIGH
TPL_0053,UNCERTAIN,CONTINUE_TESTING,0.5,"[0.000, 1.000]",0,1.0,HIGH
TPL_0052,UNCERTAIN,CONTINUE_TESTING,0.5,"[0.000, 1.000]",0,1.0,HIGH
TPL_0050,UNCERTAIN,CONTINUE_TESTING,0.5,"[0.000, 1.000]",0,1.0,HIGH
TPL_0049,UNCERTAIN,CONTINUE_TESTING,0.5,"[0.000, 1.000]",0,1.0,HIGH
TPL_0048,UNCERTAIN,CONTINUE_TESTING,0.5,"[0.000, 1.000]",0,1.0,HIGH
TPL_0047,UNCERTAIN,CONTINUE_TESTING,0.5,"[0.000, 1.000]",0,1.0,HIGH
TPL_0045,UNCERTAIN,CONTINUE_TESTING,0.5,"[0.000, 1.000]",0,1.0,HIGH
TPL_0044,UNCERTAIN,CONTINUE_TESTING,0.5,"[0.000, 1.000]",0,1.0,HIGH
TPL_0043,UNCERTAIN,CONTINUE_TESTING,0.5,"[0.000, 1.000]",0,1.0,HIGH
TPL_0042,UNCERTAIN,CONTINUE_TESTING,0.5,"[0.000, 1.000]",0,1.0,HIGH
TPL_0040,UNCERTAIN,CONTINUE_TESTING,0.5,"[0.000, 1.000]",0,1.0,HIGH
TPL_0039,UNCERTAIN,CONTINUE_TESTING,0.5,"[0.000, 1.000]",0,1.0,HIGH
TPL_0070,UNCERTAIN,CONTINUE_TESTING,0.5,"[0.000, 1.000]",0,1.0,HIGH
TPL_0069,UNCERTAIN,CONTINUE_TESTING,0.5,"[0.000, 1.000]",0,1.0,HIGH
TPL_0068,UNCERTAIN,CONTINUE_TESTING,0.5,"[0.000, 1.000]",0,1.0,HIGH
TPL_0067,UNCERTAIN,CONTINUE_TESTING,0.5,"[0.000, 1.000]",0,1.0,HIGH
TPL_0065,UNCERTAIN,CONTINUE_TESTING,0.5,"[0.000, 1.000]",0,1.0,HIGH
TPL_0064,UNCERTAIN,CONTINUE_TESTING,0.5,"[0.000, 1.000]",0,1.0,HIGH
TPL_0063,UNCERTAIN,CONTINUE_TESTING,0.5,"[0.000, 1.000]",0,1.0,HIGH
TPL_0062,UNCERTAIN,CONTINUE_TESTING,0.5,"[0.000, 1.000]",0,1.0,HIGH
TPL_0060,UNCERTAIN,CONTINUE_TESTING,0.5,"[0.000, 1.000]",0,1.0,HIGH
TPL_0059,UNCERTAIN,CONTINUE_TESTING,0.5,"[0.000, 1.000]",0,1.0,HIGH
TPL_0058,UNCERTAIN,CONTINUE_TESTING,0.5,"[0.000, 1.000]",0,1.0,HIGH
TPL_0057,UNCERTAIN,CONTINUE_TESTING,0.5,"[0.000, 1.000]",0,1.0,HIGH
TPL_0055,UNCERTAIN,CONTINUE_TESTING,0.5,"[0.000, 1.000]",0,1.0,HIGH
TPL_0085,UNCERTAIN,CONTINUE_TESTING,0.5,"[0.000, 1.000]",0,1.0,HIGH
TPL_0084,UNCERTAIN,CONTINUE_TESTING,0.5,"[0.000, 1.000]",0,1.0,HIGH
TPL_0083,UNCERTAIN,CONTINUE_TESTING,0.5,"[0.000, 1.000]",0,1.0,HIGH
TPL_0082,UNCERTAIN,CONTINUE_TESTING,0.5,"[0.000, 1.000]",0,1.0,HIGH
TPL_0080,UNCERTAIN,CONTINUE_TESTING,0.5,"[0.000, 1.000]",0,1.0,HIGH
TPL_0079,UNCERTAIN,CONTINUE_TESTING,0.5,"[0.000, 1.000]",0,1.0,HIGH
TPL_0078,UNCERTAIN,CONTINUE_TESTING,0.5,"[0.000, 1.000]",0,1.0,HIGH
TPL_0077,UNCERTAIN,CONTINUE_TESTING,0.5,"[0.000, 1.000]",0,1.0,HIGH
TPL_0075,UNCERTAIN,CONTINUE_TESTING,0.5,"[0.000, 1.000]",0,1.0,HIGH
TPL_0074,UNCERTAIN,CONTINUE_TESTING,0.5,"[0.000, 1.000]",0,1.0,HIGH
TPL_0073,UNCERTAIN,CONTINUE_TESTING,0.5,"[0.000, 1.000]",0,1.0,HIGH
TPL_0072,UNCERTAIN,CONTINUE_TESTING,0.5,"[0.000, 1.000]",0,1.0,HIGH
TPL_0565,UNCERTAIN,CONTINUE_TESTING,0.5,"[0.000, 1.000]",0,1.0,HIGH
TPL_0564,UNCERTAIN,CONTINUE_TESTING,0.5,"[0.000, 1.000]",0,1.0,HIGH
TPL_0563,UNCERTAIN,CONTINUE_TESTING,0.5,"[0.000, 1.000]",0,1.0,HIGH
TPL_0562,UNCERTAIN,CONTINUE_TESTING,0.5,"[0.000, 1.000]",0,1.0,HIGH
TPL_0560,UNCERTAIN,CONTINUE_TESTING,0.5,"[0.000, 1.000]",0,1.0,HIGH
TPL_0559,UNCERTAIN,CONTINUE_TESTING,0.5,"[0.000, 1.000]",0,1.0,HIGH
TPL_0558,UNCERTAIN,CONTINUE_TESTING,0.5,"[0.000, 1.000]",0,1.0,HIGH
TPL_0557,UNCERTAIN,CONTINUE_TESTING,0.5,"[0.000, 1.000]",0,1.0,HIGH
TPL_0555,UNCERTAIN,CONTINUE_TESTING,0.5,"[0.000, 1.000]",0,1.0,HIGH
TPL_0554,UNCERTAIN,CONTINUE_TESTING,0.5,"[0.000, 1.000]",0,1.0,HIGH
TPL_0553,UNCERTAIN,CONTINUE_TESTING,0.5,"[0.000, 1.000]",0,1.0,HIGH
TPL_0552,UNCERTAIN,CONTINUE_TESTING,0.5,"[0.000, 1.000]",0,1.0,HIGH
TPL_0102,UNCERTAIN,CONTINUE_TESTING,0.5,"[0.000, 1.000]",0,1.0,HIGH
TPL_0100,UNCERTAIN,CONTINUE_TESTING,0.5,"[0.000, 1.000]",0,1.0,HIGH
TPL_0099,UNCERTAIN,CONTINUE_TESTING,0.5,"[0.000, 1.000]",0,1.0,HIGH
TPL_0098,UNCERTAIN,CONTINUE_TESTING,0.5,"[0.000, 1.000]",0,1.0,HIGH
TPL_0097,UNCERTAIN,CONTINUE_TESTING,0.5,"[0.000, 1.000]",0,1.0,HIGH
TPL_0095,UNCERTAIN,CONTINUE_TESTING,0.5,"[0.000, 1.000]",0,1.0,HIGH
TPL_0094,UNCERTAIN,CONTINUE_TESTING,0.5,"[0.000, 1.000]",0,1.0,HIGH
TPL_0093,UNCERTAIN,CONTINUE_TESTING,0.5,"[0.000, 1.000]",0,1.0,HIGH
TPL_0092,UNCERTAIN,CONTINUE_TESTING,0.5,"[0.000, 1.000]",0,1.0,HIGH
TPL_0090,UNCERTAIN,CONTINUE_TESTING,0.5,"[0.000, 1.000]",0,1.0,HIGH
TPL_0089,UNCERTAIN,CONTINUE_TESTING,0.5,"[0.000, 1.000]",0,1.0,HIGH
TPL_0088,UNCERTAIN,CONTINUE_TESTING,0.5,"[0.000, 1.000]",0,1.0,HIGH
TPL_0087,UNCERTAIN,CONTINUE_TESTING,0.5,"[0.000, 1.000]",0,1.0,HIGH
TPL_0118,UNCERTAIN,CONTINUE_TESTING,0.5,"[0.000, 1.000]",0,1.0,HIGH
TPL_0117,UNCERTAIN,CONTINUE_TESTING,0.5,"[0.000, 1.000]",0,1.0,HIGH
TPL_0115,UNCERTAIN,CONTINUE_TESTING,0.5,"[0.000, 1.000]",0,1.0,HIGH
TPL_0114,UNCERTAIN,CONTINUE_TESTING,0.5,"[0.000, 1.000]",0,1.0,HIGH
TPL_0113,UNCERTAIN,CONTINUE_TESTING,0.5,"[0.000, 1.000]",0,1.0,HIGH
TPL_0112,UNCERTAIN,CONTINUE_TESTING,0.5,"[0.000, 1.000]",0,1.0,HIGH
TPL_0110,UNCERTAIN,CONTINUE_TESTING,0.5,"[0.000, 1.000]",0,1.0,HIGH
TPL_0109,UNCERTAIN,CONTINUE_TESTING,0.5,"[0.000, 1.000]",0,1.0,HIGH
TPL_0108,UNCERTAIN,CONTINUE_TESTING,0.5,"[0.000, 1.000]",0,1.0,HIGH
TPL_0107,UNCERTAIN,CONTINUE_TESTING,0.5,"[0.000, 1.000]",0,1.0,HIGH
TPL_0105,UNCERTAIN,CONTINUE_TESTING,0.5,"[0.000, 1.000]",0,1.0,HIGH
TPL_0104,UNCERTAIN,CONTINUE_TESTING,0.5,"[0.000, 1.000]",0,1.0,HIGH
TPL_0103,UNCERTAIN,CONTINUE_TESTING,0.5,"[0.000, 1.000]",0,1.0,HIGH
TPL_0134,UNCERTAIN,CONTINUE_TESTING,0.5,"[0.000, 1.000]",0,1.0,HIGH
TPL_0133,UNCERTAIN,CONTINUE_TESTING,0.5,"[0.000, 1.000]",0,1.0,HIGH
TPL_0132,UNCERTAIN,CONTINUE_TESTING,0.5,"[0.000, 1.000]",0,1.0,HIGH
TPL_0130,UNCERTAIN,CONTINUE_TESTING,0.5,"[0.000, 1.000]",0,1.0,HIGH
TPL_0129,UNCERTAIN,CONTINUE_TESTING,0.5,"[0.000, 1.000]",0,1.0,HIGH
TPL_0128,UNCERTAIN,CONTINUE_TESTING,0.5,"[0.000, 1.000]",0,1.0,HIGH
TPL_0127,UNCERTAIN,CONTINUE_TESTING,0.5,"[0.000, 1.000]",0,1.0,HIGH
TPL_0125,UNCERTAIN,CONTINUE_TESTING,0.5,"[0.000, 1.000]",0,1.0,HIGH
TPL_0124,UNCERTAIN,CONTINUE_TESTING,0.5,"[0.000, 1.000]",0,1.0,HIGH
TPL_0123,UNCERTAIN,CONTINUE_TESTING,0.5,"[0.000, 1.000]",0,1.0,HIGH
TPL_0122,UNCERTAIN,CONTINUE_TESTING,0.5,"[0.000, 1.000]",0,1.0,HIGH
TPL_0120,UNCERTAIN,CONTINUE_TESTING,0.5,"[0.000, 1.000]",0,1.0,HIGH
TPL_0119,UNCERTAIN,CONTINUE_TESTING,0.5,"[0.000, 1.000]",0,1.0,HIGH
TPL_0150,UNCERTAIN,CONTINUE_TESTING,0.5,"[0.000, 1.000]",0,1.0,HIGH
TPL_0149,UNCERTAIN,CONTINUE_TESTING,0.5,"[0.000, 1.000]",0,1.0,HIGH
TPL_0148,UNCERTAIN,CONTINUE_TESTING,0.5,"[0.000, 1.000]",0,1.0,HIGH
TPL_0147,UNCERTAIN,CONTINUE_TESTING,0.5,"[0.000, 1.000]",0,1.0,HIGH
TPL_0145,UNCERTAIN,CONTINUE_TESTING,0.5,"[0.000, 1.000]",0,1.0,HIGH
TPL_0144,UNCERTAIN,CONTINUE_TESTING,0.5,"[0.000, 1.000]",0,1.0,HIGH
TPL_0143,UNCERTAIN,CONTINUE_TESTING,0.5,"[0.000, 1.000]",0,1.0,HIGH
TPL_0142,UNCERTAIN,CONTINUE_TESTING,0.5,"[0.000, 1.000]",0,1.0,HIGH
TPL_0140,UNCERTAIN,CONTINUE_TESTING,0.5,"[0.000, 1.000]",0,1.0,HIGH
TPL_0139,UNCERTAIN,CONTINUE_TESTING,0.5,"[0.000, 1.000]",0,1.0,HIGH
TPL_0138,UNCERTAIN,CONTINUE_TESTING,0.5,"[0.000, 1.000]",0,1.0,HIGH
TPL_0137,UNCERTAIN,CONTINUE_TESTING,0.5,"[0.000, 1.000]",0,1.0,HIGH
TPL_0135,UNCERTAIN,CONTINUE_TESTING,0.5,"[0.000, 1.000]",0,1.0,HIGH
TPL_0550,UNCERTAIN,CONTINUE_TESTING,0.5,"[0.000, 1.000]",0,1.0,HIGH
TPL_0549,UNCERTAIN,CONTINUE_TESTING,0.5,"[0.000, 1.000]",0,1.0,HIGH
TPL_0548,UNCERTAIN,CONTINUE_TESTING,0.5,"[0.000, 1.000]",0,1.0,HIGH
TPL_0547,UNCERTAIN,CONTINUE_TESTING,0.5,"[0.000, 1.000]",0,1.0,HIGH
TPL_0545,UNCERTAIN,CONTINUE_TESTING,0.5,"[0.000, 1.000]",0,1.0,HIGH
TPL_0544,UNCERTAIN,CONTINUE_TESTING,0.5,"[0.000, 1.000]",0,1.0,HIGH
TPL_0543,UNCERTAIN,CONTINUE_TESTING,0.5,"[0.000, 1.000]",0,1.0,HIGH
TPL_0542,UNCERTAIN,CONTINUE_TESTING,0.5,"[0.000, 1.000]",0,1.0,HIGH
TPL_0540,UNCERTAIN,CONTINUE_TESTING,0.5,"[0.000, 1.000]",0,1.0,HIGH
TPL_0539,UNCERTAIN,CONTINUE_TESTING,0.5,"[0.000, 1.000]",0,1.0,HIGH
TPL_0538,UNCERTAIN,CONTINUE_TESTING,0.5,"[0.000, 1.000]",0,1.0,HIGH
TPL_0537,UNCERTAIN,CONTINUE_TESTING,0.5,"[0.000, 1.000]",0,1.0,HIGH
TPL_0535,UNCERTAIN,CONTINUE_TESTING,0.5,"[0.000, 1.000]",0,1.0,HIGH
TPL_0165,UNCERTAIN,CONTINUE_TESTING,0.5,"[0.000, 1.000]",0,1.0,HIGH
TPL_0164,UNCERTAIN,CONTINUE_TESTING,0.5,"[0.000, 1.000]",0,1.0,HIGH
TPL_0163,UNCERTAIN,CONTINUE_TESTING,0.5,"[0.000, 1.000]",0,1.0,HIGH
TPL_0162,UNCERTAIN,CONTINUE_TESTING,0.5,"[0.000, 1.000]",0,1.0,HIGH
TPL_0160,UNCERTAIN,CONTINUE_TESTING,0.5,"[0.000, 1.000]",0,1.0,HIGH
TPL_0159,UNCERTAIN,CONTINUE_TESTING,0.5,"[0.000, 1.000]",0,1.0,HIGH
TPL_0158,UNCERTAIN,CONTINUE_TESTING,0.5,"[0.000, 1.000]",0,1.0,HIGH
TPL_0157,UNCERTAIN,CONTINUE_TESTING,0.5,"[0.000, 1.000]",0,1.0,HIGH
TPL_0155,UNCERTAIN,CONTINUE_TESTING,0.5,"[0.000, 1.000]",0,1.0,HIGH
TPL_0154,UNCERTAIN,CONTINUE_TESTING,0.5,"[0.000, 1.000]",0,1.0,HIGH
TPL_0153,UNCERTAIN,CONTINUE_TESTING,0.5,"[0.000, 1.000]",0,1.0,HIGH
TPL_0152,UNCERTAIN,CONTINUE_TESTING,0.5,"[0.000, 1.000]",0,1.0,HIGH
TPL_0182,UNCERTAIN,CONTINUE_TESTING,0.5,"[0.000, 1.000]",0,1.0,HIGH
TPL_0180,UNCERTAIN,CONTINUE_TESTING,0.5,"[0.000, 1.000]",0,1.0,HIGH
TPL_0179,UNCERTAIN,CONTINUE_TESTING,0.5,"[0.000, 1.000]",0,1.0,HIGH
TPL_0178,UNCERTAIN,CONTINUE_TESTING,0.5,"[0.000, 1.000]",0,1.0,HIGH
TPL_0177,UNCERTAIN,CONTINUE_TESTING,0.5,"[0.000, 1.000]",0,1.0,HIGH
TPL_0175,UNCERTAIN,CONTINUE_TESTING,0.5,"[0.000, 1.000]",0,1.0,HIGH
TPL_0174,UNCERTAIN,CONTINUE_TESTING,0.5,"[0.000, 1.000]",0,1.0,HIGH
TPL_0173,UNCERTAIN,CONTINUE_TESTING,0.5,"[0.000, 1.000]",0,1.0,HIGH
TPL_0172,UNCERTAIN,CONTINUE_TESTING,0.5,"[0.000, 1.000]",0,1.0,HIGH
TPL_0170,UNCERTAIN,CONTINUE_TESTING,0.5,"[0.000, 1.000]",0,1.0,HIGH
TPL_0169,UNCERTAIN,CONTINUE_TESTING,0.5,"[0.000, 1.000]",0,1.0,HIGH
TPL_0168,UNCERTAIN,CONTINUE_TESTING,0.5,"[0.000, 1.000]",0,1.0,HIGH
TPL_0167,UNCERTAIN,CONTINUE_TESTING,0.5,"[0.000, 1.000]",0,1.0,HIGH
TPL_0198,UNCERTAIN,CONTINUE_TESTING,0.5,"[0.000, 1.000]",0,1.0,HIGH
TPL_0197,UNCERTAIN,CONTINUE_TESTING,0.5,"[0.000, 1.000]",0,1.0,HIGH
TPL_0195,UNCERTAIN,CONTINUE_TESTING,0.5,"[0.000, 1.000]",0,1.0,HIGH
TPL_0194,UNCERTAIN,CONTINUE_TESTING,0.5,"[0.000, 1.000]",0,1.0,HIGH
TPL_0193,UNCERTAIN,CONTINUE_TESTING,0.5,"[0.000, 1.000]",0,1.0,HIGH
TPL_0192,UNCERTAIN,CONTINUE_TESTING,0.5,"[0.000, 1.000]",0,1.0,HIGH
TPL_0190,UNCERTAIN,CONTINUE_TESTING,0.5,"[0.000, 1.000]",0,1.0,HIGH
TPL_0189,UNCERTAIN,CONTINUE_TESTING,0.5,"[0.000, 1.000]",0,1.0,HIGH
TPL_0188,UNCERTAIN,CONTINUE_TESTING,0.5,"[0.000, 1.000]",0,1.0,HIGH
TPL_0187,UNCERTAIN,CONTINUE_TESTING,0.5,"[0.000, 1.000]",0,1.0,HIGH
TPL_0185,UNCERTAIN,CONTINUE_TESTING,0.5,"[0.000, 1.000]",0,1.0,HIGH
TPL_0184,UNCERTAIN,CONTINUE_TESTING,0.5,"[0.000, 1.000]",0,1.0,HIGH
TPL_0183,UNCERTAIN,CONTINUE_TESTING,0.5,"[0.000, 1.000]",0,1.0,HIGH
TPL_0214,UNCERTAIN,CONTINUE_TESTING,0.5,"[0.000, 1.000]",0,1.0,HIGH
TPL_0213,UNCERTAIN,CONTINUE_TESTING,0.5,"[0.000, 1.000]",0,1.0,HIGH
TPL_0212,UNCERTAIN,CONTINUE_TESTING,0.5,"[0.000, 1.000]",0,1.0,HIGH
TPL_0210,UNCERTAIN,CONTINUE_TESTING,0.5,"[0.000, 1.000]",0,1.0,HIGH
TPL_0209,UNCERTAIN,CONTINUE_TESTING,0.5,"[0.000, 1.000]",0,1.0,HIGH
TPL_0208,UNCERTAIN,CONTINUE_TESTING,0.5,"[0.000, 1.000]",0,1.0,HIGH
TPL_0207,UNCERTAIN,CONTINUE_TESTING,0.5,"[0.000, 1.000]",0,1.0,HIGH
TPL_0205,UNCERTAIN,CONTINUE_TESTING,0.5,"[0.000, 1.000]",0,1.0,HIGH
TPL_0204,UNCERTAIN,CONTINUE_TESTING,0.5,"[0.000, 1.000]",0,1.0,HIGH
TPL_0203,UNCERTAIN,CONTINUE_TESTING,0.5,"[0.000, 1.000]",0,1.0,HIGH
TPL_0202,UNCERTAIN,CONTINUE_TESTING,0.5,"[0.000, 1.000]",0,1.0,HIGH
TPL_0200,UNCERTAIN,CONTINUE_TESTING,0.5,"[0.000, 1.000]",0,1.0,HIGH
TPL_0199,UNCERTAIN,CONTINUE_TESTING,0.5,"[0.000, 1.000]",0,1.0,HIGH
TPL_0534,UNCERTAIN,CONTINUE_TESTING,0.5,"[0.000, 1.000]",0,1.0,HIGH
TPL_0533,UNCERTAIN,CONTINUE_TESTING,0.5,"[0.000, 1.000]",0,1.0,HIGH
TPL_0532,UNCERTAIN,CONTINUE_TESTING,0.5,"[0.000, 1.000]",0,1.0,HIGH
TPL_0530,UNCERTAIN,CONTINUE_TESTING,0.5,"[0.000, 1.000]",0,1.0,HIGH
TPL_0529,UNCERTAIN,CONTINUE_TESTING,0.5,"[0.000, 1.000]",0,1.0,HIGH
TPL_0528,UNCERTAIN,CONTINUE_TESTING,0.5,"[0.000, 1.000]",0,1.0,HIGH
TPL_0527,UNCERTAIN,CONTINUE_TESTING,0.5,"[0.000, 1.000]",0,1.0,HIGH
TPL_0525,UNCERTAIN,CONTINUE_TESTING,0.5,"[0.000, 1.000]",0,1.0,HIGH
TPL_0524,UNCERTAIN,CONTINUE_TESTING,0.5,"[0.000, 1.000]",0,1.0,HIGH
TPL_0523,UNCERTAIN,CONTINUE_TESTING,0.5,"[0.000, 1.000]",0,1.0,HIGH
TPL_0522,UNCERTAIN,CONTINUE_TESTING,0.5,"[0.000, 1.000]",0,1.0,HIGH
TPL_0520,UNCERTAIN,CONTINUE_TESTING,0.5,"[0.000, 1.000]",0,1.0,HIGH
TPL_0519,UNCERTAIN,CONTINUE_TESTING,0.5,"[0.000, 1.000]",0,1.0,HIGH
TPL_0230,UNCERTAIN,CONTINUE_TESTING,0.5,"[0.000, 1.000]",0,1.0,HIGH
TPL_0229,UNCERTAIN,CONTINUE_TESTING,0.5,"[0.000, 1.000]",0,1.0,HIGH
TPL_0228,UNCERTAIN,CONTINUE_TESTING,0.5,"[0.000, 1.000]",0,1.0,HIGH
TPL_0227,UNCERTAIN,CONTINUE_TESTING,0.5,"[0.000, 1.000]",0,1.0,HIGH
TPL_0225,UNCERTAIN,CONTINUE_TESTING,0.5,"[0.000, 1.000]",0,1.0,HIGH
TPL_0224,UNCERTAIN,CONTINUE_TESTING,0.5,"[0.000, 1.000]",0,1.0,HIGH
TPL_0223,UNCERTAIN,CONTINUE_TESTING,0.5,"[0.000, 1.000]",0,1.0,HIGH
TPL_0222,UNCERTAIN,CONTINUE_TESTING,0.5,"[0.000, 1.000]",0,1.0,HIGH
TPL_0220,UNCERTAIN,CONTINUE_TESTING,0.5,"[0.000, 1.000]",0,1.0,HIGH
TPL_0219,UNCERTAIN,CONTINUE_TESTING,0.5,"[0.000, 1.000]",0,1.0,HIGH
TPL_0218,UNCERTAIN,CONTINUE_TESTING,0.5,"[0.000, 1.000]",0,1.0,HIGH
TPL_0217,UNCERTAIN,CONTINUE_TESTING,0.5,"[0.000, 1.000]",0,1.0,HIGH
TPL_0215,UNCERTAIN,CONTINUE_TESTING,0.5,"[0.000, 1.000]",0,1.0,HIGH
TPL_0245,UNCERTAIN,CONTINUE_TESTING,0.5,"[0.000, 1.000]",0,1.0,HIGH
TPL_0244,UNCERTAIN,CONTINUE_TESTING,0.5,"[0.000, 1.000]",0,1.0,HIGH
TPL_0243,UNCERTAIN,CONTINUE_TESTING,0.5,"[0.000, 1.000]",0,1.0,HIGH
TPL_0242,UNCERTAIN,CONTINUE_TESTING,0.5,"[0.000, 1.000]",0,1.0,HIGH
TPL_0240,UNCERTAIN,CONTINUE_TESTING,0.5,"[0.000, 1.000]",0,1.0,HIGH
TPL_0239,UNCERTAIN,CONTINUE_TESTING,0.5,"[0.000, 1.000]",0,1.0,HIGH
TPL_0238,UNCERTAIN,CONTINUE_TESTING,0.5,"[0.000, 1.000]",0,1.0,HIGH
TPL_0237,UNCERTAIN,CONTINUE_TESTING,0.5,"[0.000, 1.000]",0,1.0,HIGH
TPL_0235,UNCERTAIN,CONTINUE_TESTING,0.5,"[0.000, 1.000]",0,1.0,HIGH
TPL_0234,UNCERTAIN,CONTINUE_TESTING,0.5,"[0.000, 1.000]",0,1.0,HIGH
TPL_0233,UNCERTAIN,CONTINUE_TESTING,0.5,"[0.000, 1.000]",0,1.0,HIGH
TPL_0232,UNCERTAIN,CONTINUE_TESTING,0.5,"[0.000, 1.000]",0,1.0,HIGH
TPL_0262,UNCERTAIN,CONTINUE_TESTING,0.5,"[0.000, 1.000]",0,1.0,HIGH
TPL_0260,UNCERTAIN,CONTINUE_TESTING,0.5,"[0.000, 1.000]",0,1.0,HIGH
TPL_0259,UNCERTAIN,CONTINUE_TESTING,0.5,"[0.000, 1.000]",0,1.0,HIGH
TPL_0258,UNCERTAIN,CONTINUE_TESTING,0.5,"[0.000, 1.000]",0,1.0,HIGH
TPL_0257,UNCERTAIN,CONTINUE_TESTING,0.5,"[0.000, 1.000]",0,1.0,HIGH
TPL_0255,UNCERTAIN,CONTINUE_TESTING,0.5,"[0.000, 1.000]",0,1.0,HIGH
TPL_0254,UNCERTAIN,CONTINUE_TESTING,0.5,"[0.000, 1.000]",0,1.0,HIGH
TPL_0253,UNCERTAIN,CONTINUE_TESTING,0.5,"[0.000, 1.000]",0,1.0,HIGH
TPL_0252,UNCERTAIN,CONTINUE_TESTING,0.5,"[0.000, 1.000]",0,1.0,HIGH
TPL_0250,UNCERTAIN,CONTINUE_TESTING,0.5,"[0.000, 1.000]",0,1.0,HIGH
TPL_0249,UNCERTAIN,CONTINUE_TESTING,0.5,"[0.000, 1.000]",0,1.0,HIGH
TPL_0248,UNCERTAIN,CONTINUE_TESTING,0.5,"[0.000, 1.000]",0,1.0,HIGH
TPL_0247,UNCERTAIN,CONTINUE_TESTING,0.5,"[0.000, 1.000]",0,1.0,HIGH
TPL_0278,UNCERTAIN,CONTINUE_TESTING,0.5,"[0.000, 1.000]",0,1.0,HIGH
TPL_0277,UNCERTAIN,CONTINUE_TESTING,0.5,"[0.000, 1.000]",0,1.0,HIGH
TPL_0275,UNCERTAIN,CONTINUE_TESTING,0.5,"[0.000, 1.000]",0,1.0,HIGH
TPL_0274,UNCERTAIN,CONTINUE_TESTING,0.5,"[0.000, 1.000]",0,1.0,HIGH
TPL_0273,UNCERTAIN,CONTINUE_TESTING,0.5,"[0.000, 1.000]",0,1.0,HIGH
TPL_0272,UNCERTAIN,CONTINUE_TESTING,0.5,"[0.000, 1.000]",0,1.0,HIGH
TPL_0270,UNCERTAIN,CONTINUE_TESTING,0.5,"[0.000, 1.000]",0,1.0,HIGH
TPL_0269,UNCERTAIN,CONTINUE_TESTING,0.5,"[0.000, 1.000]",0,1.0,HIGH
TPL_0268,UNCERTAIN,CONTINUE_TESTING,0.5,"[0.000, 1.000]",0,1.0,HIGH
TPL_0267,UNCERTAIN,CONTINUE_TESTING,0.5,"[0.000, 1.000]",0,1.0,HIGH
TPL_0265,UNCERTAIN,CONTINUE_TESTING,0.5,"[0.000, 1.000]",0,1.0,HIGH
TPL_0264,UNCERTAIN,CONTINUE_TESTING,0.5,"[0.000, 1.000]",0,1.0,HIGH
TPL_0263,UNCERTAIN,CONTINUE_TESTING,0.5,"[0.000, 1.000]",0,1.0,HIGH
TPL_0518,UNCERTAIN,CONTINUE_TESTING,0.5,"[0.000, 1.000]",0,1.0,HIGH
TPL_0517,UNCERTAIN,CONTINUE_TESTING,0.5,"[0.000, 1.000]",0,1.0,HIGH
TPL_0515,UNCERTAIN,CONTINUE_TESTING,0.5,"[0.000, 1.000]",0,1.0,HIGH
TPL_0514,UNCERTAIN,CONTINUE_TESTING,0.5,"[0.000, 1.000]",0,1.0,HIGH
TPL_0513,UNCERTAIN,CONTINUE_TESTING,0.5,"[0.000, 1.000]",0,1.0,HIGH
TPL_0512,UNCERTAIN,CONTINUE_TESTING,0.5,"[0.000, 1.000]",0,1.0,HIGH
TPL_0510,UNCERTAIN,CONTINUE_TESTING,0.5,"[0.000, 1.000]",0,1.0,HIGH
TPL_0509,UNCERTAIN,CONTINUE_TESTING,0.5,"[0.000, 1.000]",0,1.0,HIGH
TPL_0508,UNCERTAIN,CONTINUE_TESTING,0.5,"[0.000, 1.000]",0,1.0,HIGH
TPL_0507,UNCERTAIN,CONTINUE_TESTING,0.5,"[0.000, 1.000]",0,1.0,HIGH
TPL_0505,UNCERTAIN,CONTINUE_TESTING,0.5,"[0.000, 1.000]",0,1.0,HIGH
TPL_0504,UNCERTAIN,CONTINUE_TESTING,0.5,"[0.000, 1.000]",0,1.0,HIGH
TPL_0503,UNCERTAIN,CONTINUE_TESTING,0.5,"[0.000, 1.000]",0,1.0,HIGH
TPL_0294,UNCERTAIN,CONTINUE_TESTING,0.5,"[0.000, 1.000]",0,1.0,HIGH
TPL_0293,UNCERTAIN,CONTINUE_TESTING,0.5,"[0.000, 1.000]",0,1.0,HIGH
TPL_0292,UNCERTAIN,CONTINUE_TESTING,0.5,"[0.000, 1.000]",0,1.0,HIGH
TPL_0290,UNCERTAIN,CONTINUE_TESTING,0.5,"[0.000, 1.000]",0,1.0,HIGH
TPL_0289,UNCERTAIN,CONTINUE_TESTING,0.5,"[0.000, 1.000]",0,1.0,HIGH
TPL_0288,UNCERTAIN,CONTINUE_TESTING,0.5,"[0.000, 1.000]",0,1.0,HIGH
TPL_0287,UNCERTAIN,CONTINUE_TESTING,0.5,"[0.000, 1.000]",0,1.0,HIGH
TPL_0285,UNCERTAIN,CONTINUE_TESTING,0.5,"[0.000, 1.000]",0,1.0,HIGH
TPL_0284,UNCERTAIN,CONTINUE_TESTING,0.5,"[0.000, 1.000]",0,1.0,HIGH
TPL_0283,UNCERTAIN,CONTINUE_TESTING,0.5,"[0.000, 1.000]",0,1.0,HIGH
TPL_0282,UNCERTAIN,CONTINUE_TESTING,0.5,"[0.000, 1.000]",0,1.0,HIGH
TPL_0280,UNCERTAIN,CONTINUE_TESTING,0.5,"[0.000, 1.000]",0,1.0,HIGH
TPL_0279,UNCERTAIN,CONTINUE_TESTING,0.5,"[0.000, 1.000]",0,1.0,HIGH
TPL_0310,UNCERTAIN,CONTINUE_TESTING,0.5,"[0.000, 1.000]",0,1.0,HIGH
TPL_0309,UNCERTAIN,CONTINUE_TESTING,0.5,"[0.000, 1.000]",0,1.0,HIGH
TPL_0308,UNCERTAIN,CONTINUE_TESTING,0.5,"[0.000, 1.000]",0,1.0,HIGH
TPL_0307,UNCERTAIN,CONTINUE_TESTING,0.5,"[0.000, 1.000]",0,1.0,HIGH
TPL_0305,UNCERTAIN,CONTINUE_TESTING,0.5,"[0.000, 1.000]",0,1.0,HIGH
TPL_0304,UNCERTAIN,CONTINUE_TESTING,0.5,"[0.000, 1.000]",0,1.0,HIGH
TPL_0303,UNCERTAIN,CONTINUE_TESTING,0.5,"[0.000, 1.000]",0,1.0,HIGH
TPL_0302,UNCERTAIN,CONTINUE_TESTING,0.5,"[0.000, 1.000]",0,1.0,HIGH
TPL_0300,UNCERTAIN,CONTINUE_TESTING,0.5,"[0.000, 1.000]",0,1.0,HIGH
TPL_0299,UNCERTAIN,CONTINUE_TESTING,0.5,"[0.000, 1.000]",0,1.0,HIGH
TPL_0298,UNCERTAIN,CONTINUE_TESTING,0.5,"[0.000, 1.000]",0,1.0,HIGH
TPL_0297,UNCERTAIN,CONTINUE_TESTING,0.5,"[0.000, 1.000]",0,1.0,HIGH
TPL_0295,UNCERTAIN,CONTINUE_TESTING,0.5,"[0.000, 1.000]",0,1.0,HIGH
TPL_0325,UNCERTAIN,CONTINUE_TESTING,0.5,"[0.000, 1.000]",0,1.0,HIGH
TPL_0324,UNCERTAIN,CONTINUE_TESTING,0.5,"[0.000, 1.000]",0,1.0,HIGH
TPL_0323,UNCERTAIN,CONTINUE_TESTING,0.5,"[0.000, 1.000]",0,1.0,HIGH
TPL_0322,UNCERTAIN,CONTINUE_TESTING,0.5,"[0.000, 1.000]",0,1.0,HIGH
TPL_0320,UNCERTAIN,CONTINUE_TESTING,0.5,"[0.000, 1.000]",0,1.0,HIGH
TPL_0319,UNCERTAIN,CONTINUE_TESTING,0.5,"[0.000, 1.000]",0,1.0,HIGH
TPL_0318,UNCERTAIN,CONTINUE_TESTING,0.5,"[0.000, 1.000]",0,1.0,HIGH
TPL_0317,UNCERTAIN,CONTINUE_TESTING,0.5,"[0.000, 1.000]",0,1.0,HIGH
TPL_0315,UNCERTAIN,CONTINUE_TESTING,0.5,"[0.000, 1.000]",0,1.0,HIGH
TPL_0314,UNCERTAIN,CONTINUE_TESTING,0.5,"[0.000, 1.000]",0,1.0,HIGH
TPL_0313,UNCERTAIN,CONTINUE_TESTING,0.5,"[0.000, 1.000]",0,1.0,HIGH
TPL_0312,UNCERTAIN,CONTINUE_TESTING,0.5,"[0.000, 1.000]",0,1.0,HIGH
TPL_0342,UNCERTAIN,CONTINUE_TESTING,0.5,"[0.000, 1.000]",0,1.0,HIGH
TPL_0340,UNCERTAIN,CONTINUE_TESTING,0.5,"[0.000, 1.000]",0,1.0,HIGH
TPL_0339,UNCERTAIN,CONTINUE_TESTING,0.5,"[0.000, 1.000]",0,1.0,HIGH
TPL_0338,UNCERTAIN,CONTINUE_TESTING,0.5,"[0.000, 1.000]",0,1.0,HIGH
TPL_0337,UNCERTAIN,CONTINUE_TESTING,0.5,"[0.000, 1.000]",0,1.0,HIGH
TPL_0335,UNCERTAIN,CONTINUE_TESTING,0.5,"[0.000, 1.000]",0,1.0,HIGH
TPL_0334,UNCERTAIN,CONTINUE_TESTING,0.5,"[0.000, 1.000]",0,1.0,HIGH
TPL_0333,UNCERTAIN,CONTINUE_TESTING,0.5,"[0.000, 1.000]",0,1.0,HIGH
TPL_0332,UNCERTAIN,CONTINUE_TESTING,0.5,"[0.000, 1.000]",0,1.0,HIGH
TPL_0330,UNCERTAIN,CONTINUE_TESTING,0.5,"[0.000, 1.000]",0,1.0,HIGH
TPL_0329,UNCERTAIN,CONTINUE_TESTING,0.5,"[0.000, 1.000]",0,1.0,HIGH
TPL_0328,UNCERTAIN,CONTINUE_TESTING,0.5,"[0.000, 1.000]",0,1.0,HIGH
TPL_0327,UNCERTAIN,CONTINUE_TESTING,0.5,"[0.000, 1.000]",0,1.0,HIGH
TPL_0502,UNCERTAIN,CONTINUE_TESTING,0.5,"[0.000, 1.000]",0,1.0,HIGH
TPL_0500,UNCERTAIN,CONTINUE_TESTING,0.5,"[0.000, 1.000]",0,1.0,HIGH
TPL_0499,UNCERTAIN,CONTINUE_TESTING,0.5,"[0.000, 1.000]",0,1.0,HIGH
TPL_0498,UNCERTAIN,CONTINUE_TESTING,0.5,"[0.000, 1.000]",0,1.0,HIGH
TPL_0497,UNCERTAIN,CONTINUE_TESTING,0.5,"[0.000, 1.000]",0,1.0,HIGH
TPL_0495,UNCERTAIN,CONTINUE_TESTING,0.5,"[0.000, 1.000]",0,1.0,HIGH
TPL_0494,UNCERTAIN,CONTINUE_TESTING,0.5,"[0.000, 1.000]",0,1.0,HIGH
TPL_0493,UNCERTAIN,CONTINUE_TESTING,0.5,"[0.000, 1.000]",0,1.0,HIGH
TPL_0492,UNCERTAIN,CONTINUE_TESTING,0.5,"[0.000, 1.000]",0,1.0,HIGH
TPL_0490,UNCERTAIN,CONTINUE_TESTING,0.5,"[0.000, 1.000]",0,1.0,HIGH
TPL_0489,UNCERTAIN,CONTINUE_TESTING,0.5,"[0.000, 1.000]",0,1.0,HIGH
TPL_0488,UNCERTAIN,CONTINUE_TESTING,0.5,"[0.000, 1.000]",0,1.0,HIGH
TPL_0487,UNCERTAIN,CONTINUE_TESTING,0.5,"[0.000, 1.000]",0,1.0,HIGH
TPL_0358,UNCERTAIN,CONTINUE_TESTING,0.5,"[0.000, 1.000]",0,1.0,HIGH
TPL_0357,UNCERTAIN,CONTINUE_TESTING,0.5,"[0.000, 1.000]",0,1.0,HIGH
TPL_0355,UNCERTAIN,CONTINUE_TESTING,0.5,"[0.000, 1.000]",0,1.0,HIGH
TPL_0354,UNCERTAIN,CONTINUE_TESTING,0.5,"[0.000, 1.000]",0,1.0,HIGH
TPL_0353,UNCERTAIN,CONTINUE_TESTING,0.5,"[0.000, 1.000]",0,1.0,HIGH
TPL_0352,UNCERTAIN,CONTINUE_TESTING,0.5,"[0.000, 1.000]",0,1.0,HIGH
TPL_0350,UNCERTAIN,CONTINUE_TESTING,0.5,"[0.000, 1.000]",0,1.0,HIGH
TPL_0349,UNCERTAIN,CONTINUE_TESTING,0.5,"[0.000, 1.000]",0,1.0,HIGH
TPL_0348,UNCERTAIN,CONTINUE_TESTING,0.5,"[0.000, 1.000]",0,1.0,HIGH
TPL_0347,UNCERTAIN,CONTINUE_TESTING,0.5,"[0.000, 1.000]",0,1.0,HIGH
TPL_0345,UNCERTAIN,CONTINUE_TESTING,0.5,"[0.000, 1.000]",0,1.0,HIGH
TPL_0344,UNCERTAIN,CONTINUE_TESTING,0.5,"[0.000, 1.000]",0,1.0,HIGH
TPL_0343,UNCERTAIN,CONTINUE_TESTING,0.5,"[0.000, 1.000]",0,1.0,HIGH
TPL_0374,UNCERTAIN,CONTINUE_TESTING,0.5,"[0.000, 1.000]",0,1.0,HIGH
TPL_0373,UNCERTAIN,CONTINUE_TESTING,0.5,"[0.000, 1.000]",0,1.0,HIGH
TPL_0372,UNCERTAIN,CONTINUE_TESTING,0.5,"[0.000, 1.000]",0,1.0,HIGH
TPL_0370,UNCERTAIN,CONTINUE_TESTING,0.5,"[0.000, 1.000]",0,1.0,HIGH
TPL_0369,UNCERTAIN,CONTINUE_TESTING,0.5,"[0.000, 1.000]",0,1.0,HIGH
TPL_0368,UNCERTAIN,CONTINUE_TESTING,0.5,"[0.000, 1.000]",0,1.0,HIGH
TPL_0367,UNCERTAIN,CONTINUE_TESTING,0.5,"[0.000, 1.000]",0,1.0,HIGH
TPL_0365,UNCERTAIN,CONTINUE_TESTING,0.5,"[0.000, 1.000]",0,1.0,HIGH
TPL_0364,UNCERTAIN,CONTINUE_TESTING,0.5,"[0.000, 1.000]",0,1.0,HIGH
TPL_0363,UNCERTAIN,CONTINUE_TESTING,0.5,"[0.000, 1.000]",0,1.0,HIGH
TPL_0362,UNCERTAIN,CONTINUE_TESTING,0.5,"[0.000, 1.000]",0,1.0,HIGH
TPL_0360,UNCERTAIN,CONTINUE_TESTING,0.5,"[0.000, 1.000]",0,1.0,HIGH
TPL_0359,UNCERTAIN,CONTINUE_TESTING,0.5,"[0.000, 1.000]",0,1.0,HIGH
TPL_0390,UNCERTAIN,CONTINUE_TESTING,0.5,"[0.000, 1.000]",0,1.0,HIGH
TPL_0389,UNCERTAIN,CONTINUE_TESTING,0.5,"[0.000, 1.000]",0,1.0,HIGH
TPL_0388,UNCERTAIN,CONTINUE_TESTING,0.5,"[0.000, 1.000]",0,1.0,HIGH
TPL_0387,UNCERTAIN,CONTINUE_TESTING,0.5,"[0.000, 1.000]",0,1.0,HIGH
TPL_0385,UNCERTAIN,CONTINUE_TESTING,0.5,"[0.000, 1.000]",0,1.0,HIGH
TPL_0384,UNCERTAIN,CONTINUE_TESTING,0.5,"[0.000, 1.000]",0,1.0,HIGH
TPL_0383,UNCERTAIN,CONTINUE_TESTING,0.5,"[0.000, 1.000]",0,1.0,HIGH
TPL_0382,UNCERTAIN,CONTINUE_TESTING,0.5,"[0.000, 1.000]",0,1.0,HIGH
TPL_0380,UNCERTAIN,CONTINUE_TESTING,0.5,"[0.000, 1.000]",0,1.0,HIGH
TPL_0379,UNCERTAIN,CONTINUE_TESTING,0.5,"[0.000, 1.000]",0,1.0,HIGH
TPL_0378,UNCERTAIN,CONTINUE_TESTING,0.5,"[0.000, 1.000]",0,1.0,HIGH
TPL_0377,UNCERTAIN,CONTINUE_TESTING,0.5,"[0.000, 1.000]",0,1.0,HIGH
TPL_0375,UNCERTAIN,CONTINUE_TESTING,0.5,"[0.000, 1.000]",0,1.0,HIGH
TPL_0405,UNCERTAIN,CONTINUE_TESTING,0.5,"[0.000, 1.000]",0,1.0,HIGH
TPL_0404,UNCERTAIN,CONTINUE_TESTING,0.5,"[0.000, 1.000]",0,1.0,HIGH
TPL_0403,UNCERTAIN,CONTINUE_TESTING,0.5,"[0.000, 1.000]",0,1.0,HIGH
TPL_0402,UNCERTAIN,CONTINUE_TESTING,0.5,"[0.000, 1.000]",0,1.0,HIGH
TPL_0400,UNCERTAIN,CONTINUE_TESTING,0.5,"[0.000, 1.000]",0,1.0,HIGH
TPL_0399,UNCERTAIN,CONTINUE_TESTING,0.5,"[0.000, 1.000]",0,1.0,HIGH
TPL_0398,UNCERTAIN,CONTINUE_TESTING,0.5,"[0.000, 1.000]",0,1.0,HIGH
TPL_0397,UNCERTAIN,CONTINUE_TESTING,0.5,"[0.000, 1.000]",0,1.0,HIGH
TPL_0395,UNCERTAIN,CONTINUE_TESTING,0.5,"[0.000, 1.000]",0,1.0,HIGH
TPL_0394,UNCERTAIN,CONTINUE_TESTING,0.5,"[0.000, 1.000]",0,1.0,HIGH
TPL_0393,UNCERTAIN,CONTINUE_TESTING,0.5,"[0.000, 1.000]",0,1.0,HIGH
TPL_0392,UNCERTAIN,CONTINUE_TESTING,0.5,"[0.000, 1.000]",0,1.0,HIGH
TPL_0485,UNCERTAIN,CONTINUE_TESTING,0.5,"[0.000, 1.000]",0,1.0,HIGH
TPL_0484,UNCERTAIN,CONTINUE_TESTING,0.5,"[0.000, 1.000]",0,1.0,HIGH
TPL_0483,UNCERTAIN,CONTINUE_TESTING,0.5,"[0.000, 1.000]",0,1.0,HIGH
TPL_0482,UNCERTAIN,CONTINUE_TESTING,0.5,"[0.000, 1.000]",0,1.0,HIGH
TPL_0480,UNCERTAIN,CONTINUE_TESTING,0.5,"[0.000, 1.000]",0,1.0,HIGH
TPL_0479,UNCERTAIN,CONTINUE_TESTING,0.5,"[0.000, 1.000]",0,1.0,HIGH
TPL_0478,UNCERTAIN,CONTINUE_TESTING,0.5,"[0.000, 1.000]",0,1.0,HIGH
TPL_0477,UNCERTAIN,CONTINUE_TESTING,0.5,"[0.000, 1.000]",0,1.0,HIGH
TPL_0475,UNCERTAIN,CONTINUE_TESTING,0.5,"[0.000, 1.000]",0,1.0,HIGH
TPL_0474,UNCERTAIN,CONTINUE_TESTING,0.5,"[0.000, 1.000]",0,1.0,HIGH
TPL_0473,UNCERTAIN,CONTINUE_TESTING,0.5,"[0.000, 1.000]",0,1.0,HIGH
TPL_0472,UNCERTAIN,CONTINUE_TESTING,0.5,"[0.000, 1.000]",0,1.0,HIGH
TPL_0422,UNCERTAIN,CONTINUE_TESTING,0.5,"[0.000, 1.000]",0,1.0,HIGH
TPL_0420,UNCERTAIN,CONTINUE_TESTING,0.5,"[0.000, 1.000]",0,1.0,HIGH
TPL_0419,UNCERTAIN,CONTINUE_TESTING,0.5,"[0.000, 1.000]",0,1.0,HIGH
TPL_0418,UNCERTAIN,CONTINUE_TESTING,0.5,"[0.000, 1.000]",0,1.0,HIGH
TPL_0417,UNCERTAIN,CONTINUE_TESTING,0.5,"[0.000, 1.000]",0,1.0,HIGH
TPL_0415,UNCERTAIN,CONTINUE_TESTING,0.5,"[0.000, 1.000]",0,1.0,HIGH
TPL_0414,UNCERTAIN,CONTINUE_TESTING,0.5,"[0.000, 1.000]",0,1.0,HIGH
TPL_0413,UNCERTAIN,CONTINUE_TESTING,0.5,"[0.000, 1.000]",0,1.0,HIGH
TPL_0412,UNCERTAIN,CONTINUE_TESTING,0.5,"[0.000, 1.000]",0,1.0,HIGH
TPL_0410,UNCERTAIN,CONTINUE_TESTING,0.5,"[0.000, 1.000]",0,1.0,HIGH
TPL_0409,UNCERTAIN,CONTINUE_TESTING,0.5,"[0.000, 1.000]",0,1.0,HIGH
TPL_0408,UNCERTAIN,CONTINUE_TESTING,0.5,"[0.000, 1.000]",0,1.0,HIGH
TPL_0407,UNCERTAIN,CONTINUE_TESTING,0.5,"[0.000, 1.000]",0,1.0,HIGH
TPL_0438,UNCERTAIN,CONTINUE_TESTING,0.5,"[0.000, 1.000]",0,1.0,HIGH
TPL_0437,UNCERTAIN,CONTINUE_TESTING,0.5,"[0.000, 1.000]",0,1.0,HIGH
TPL_0435,UNCERTAIN,CONTINUE_TESTING,0.5,"[0.000, 1.000]",0,1.0,HIGH
TPL_0434,UNCERTAIN,CONTINUE_TESTING,0.5,"[0.000, 1.000]",0,1.0,HIGH
TPL_0433,UNCERTAIN,CONTINUE_TESTING,0.5,"[0.000, 1.000]",0,1.0,HIGH
TPL_0432,UNCERTAIN,CONTINUE_TESTING,0.5,"[0.000, 1.000]",0,1.0,HIGH
TPL_0430,UNCERTAIN,CONTINUE_TESTING,0.5,"[0.000, 1.000]",0,1.0,HIGH
TPL_0429,UNCERTAIN,CONTINUE_TESTING,0.5,"[0.000, 1.000]",0,1.0,HIGH
TPL_0428,UNCERTAIN,CONTINUE_TESTING,0.5,"[0.000, 1.000]",0,1.0,HIGH
TPL_0427,UNCERTAIN,CONTINUE_TESTING,0.5,"[0.000, 1.000]",0,1.0,HIGH
TPL_0425,UNCERTAIN,CONTINUE_TESTING,0.5,"[0.000, 1.000]",0,1.0,HIGH
TPL_0424,UNCERTAIN,CONTINUE_TESTING,0.5,"[0.000, 1.000]",0,1.0,HIGH
TPL_0423,UNCERTAIN,CONTINUE_TESTING,0.5,"[0.000, 1.000]",0,1.0,HIGH
TPL_0454,UNCERTAIN,CONTINUE_TESTING,0.5,"[0.000, 1.000]",0,1.0,HIGH
TPL_0453,UNCERTAIN,CONTINUE_TESTING,0.5,"[0.000, 1.000]",0,1.0,HIGH
TPL_0452,UNCERTAIN,CONTINUE_TESTING,0.5,"[0.000, 1.000]",0,1.0,HIGH
TPL_0450,UNCERTAIN,CONTINUE_TESTING,0.5,"[0.000, 1.000]",0,1.0,HIGH
TPL_0449,UNCERTAIN,CONTINUE_TESTING,0.5,"[0.000, 1.000]",0,1.0,HIGH
TPL_0448,UNCERTAIN,CONTINUE_TESTING,0.5,"[0.000, 1.000]",0,1.0,HIGH
TPL_0447,UNCERTAIN,CONTINUE_TESTING,0.5,"[0.000, 1.000]",0,1.0,HIGH
TPL_0445,UNCERTAIN,CONTINUE_TESTING,0.5,"[0.000, 1.000]",0,1.0,HIGH
TPL_0444,UNCERTAIN,CONTINUE_TESTING,0.5,"[0.000, 1.000]",0,1.0,HIGH
TPL_0443,UNCERTAIN,CONTINUE_TESTING,0.5,"[0.000, 1.000]",0,1.0,HIGH
TPL_0442,UNCERTAIN,CONTINUE_TESTING,0.5,"[0.000, 1.000]",0,1.0,HIGH
TPL_0440,UNCERTAIN,CONTINUE_TESTING,0.5,"[0.000, 1.000]",0,1.0,HIGH
TPL_0439,UNCERTAIN,CONTINUE_TESTING,0.5,"[0.000, 1.000]",0,1.0,HIGH
TPL_0470,UNCERTAIN,CONTINUE_TESTING,0.5,"[0.000, 1.000]",0,1.0,HIGH
TPL_0469,UNCERTAIN,CONTINUE_TESTING,0.5,"[0.000, 1.000]",0,1.0,HIGH
TPL_0468,UNCERTAIN,CONTINUE_TESTING,0.5,"[0.000, 1.000]",0,1.0,HIGH
TPL_0467,UNCERTAIN,CONTINUE_TESTING,0.5,"[0.000, 1.000]",0,1.0,HIGH
TPL_0465,UNCERTAIN,CONTINUE_TESTING,0.5,"[0.000, 1.000]",0,1.0,HIGH
TPL_0464,UNCERTAIN,CONTINUE_TESTING,0.5,"[0.000, 1.000]",0,1.0,HIGH
TPL_0463,UNCERTAIN,CONTINUE_TESTING,0.5,"[0.000, 1.000]",0,1.0,HIGH
TPL_0462,UNCERTAIN,CONTINUE_TESTING,0.5,"[0.000, 1.000]",0,1.0,HIGH
TPL_0460,UNCERTAIN,CONTINUE_TESTING,0.5,"[0.000, 1.000]",0,1.0,HIGH
TPL_0459,UNCERTAIN,CONTINUE_TESTING,0.5,"[0.000, 1.000]",0,1.0,HIGH
TPL_0458,UNCERTAIN,CONTINUE_TESTING,0.5,"[0.000, 1.000]",0,1.0,HIGH
TPL_0457,UNCERTAIN,CONTINUE_TESTING,0.5,"[0.000, 1.000]",0,1.0,HIGH
TPL_0455,UNCERTAIN,CONTINUE_TESTING,0.5,"[0.000, 1.000]",0,1.0,HIGH
TPL_0598,UNCERTAIN,CONTINUE_TESTING,0.5,"[0.000, 1.000]",0,1.0,HIGH
TPL_0597,UNCERTAIN,CONTINUE_TESTING,0.5,"[0.000, 1.000]",0,1.0,HIGH
TPL_0595,UNCERTAIN,CONTINUE_TESTING,0.5,"[0.000, 1.000]",0,1.0,HIGH
TPL_0594,UNCERTAIN,CONTINUE_TESTING,0.5,"[0.000, 1.000]",0,1.0,HIGH
TPL_0593,UNCERTAIN,CONTINUE_TESTING,0.5,"[0.000, 1.000]",0,1.0,HIGH
TPL_0592,UNCERTAIN,CONTINUE_TESTING,0.5,"[0.000, 1.000]",0,1.0,HIGH
TPL_0590,UNCERTAIN,CONTINUE_TESTING,0.5,"[0.000, 1.000]",0,1.0,HIGH
TPL_0589,UNCERTAIN,CONTINUE_TESTING,0.5,"[0.000, 1.000]",0,1.0,HIGH
TPL_0588,UNCERTAIN,CONTINUE_TESTING,0.5,"[0.000, 1.000]",0,1.0,HIGH
TPL_0587,UNCERTAIN,CONTINUE_TESTING,0.5,"[0.000, 1.000]",0,1.0,HIGH
TPL_0585,UNCERTAIN,CONTINUE_TESTING,0.5,"[0.000, 1.000]",0,1.0,HIGH
TPL_0584,UNCERTAIN,CONTINUE_TESTING,0.5,"[0.000, 1.000]",0,1.0,HIGH
TPL_0583,UNCERTAIN,CONTINUE_TESTING,0.5,"[0.000, 1.000]",0,1.0,HIGH
TPL_0022,UNCERTAIN,CONTINUE_TESTING,0.5,"[0.000, 1.000]",0,1.0,HIGH
TPL_0020,UNCERTAIN,CONTINUE_TESTING,0.5,"[0.000, 1.000]",0,1.0,HIGH
TPL_0019,UNCERTAIN,CONTINUE_TESTING,0.5,"[0.000, 1.000]",0,1.0,HIGH
TPL_0018,UNCERTAIN,CONTINUE_TESTING,0.5,"[0.000, 1.000]",0,1.0,HIGH
TPL_0017,UNCERTAIN,CONTINUE_TESTING,0.5,"[0.000, 1.000]",0,1.0,HIGH
TPL_0015,UNCERTAIN,CONTINUE_TESTING,0.5,"[0.000, 1.000]",0,1.0,HIGH
TPL_0014,UNCERTAIN,CONTINUE_TESTING,0.5,"[0.000, 1.000]",0,1.0,HIGH
TPL_0013,UNCERTAIN,CONTINUE_TESTING,0.5,"[0.000, 1.000]",0,1.0,HIGH
TPL_0012,UNCERTAIN,CONTINUE_TESTING,0.5,"[0.000, 1.000]",0,1.0,HIGH
TPL_0010,UNCERTAIN,CONTINUE_TESTING,0.5,"[0.000, 1.000]",0,1.0,HIGH
TPL_0009,UNCERTAIN,CONTINUE_TESTING,0.5,"[0.000, 1.000]",0,1.0,HIGH
TPL_0008,UNCERTAIN,CONTINUE_TESTING,0.5,"[0.000, 1.000]",0,1.0,HIGH
TPL_0007,UNCERTAIN,CONTINUE_TESTING,0.5,"[0.000, 1.000]",0,1.0,HIGH
TPL_0511,WINNER,PROMOTE,0.24850299401197604,"[0.222, 0.276]",1000,0.053470500040270236,LOW
TPL_0426,WINNER,PROMOTE,0.24701195219123506,"[0.210, 0.286]",500,0.07532865096901967,LOW
TPL_0016,WINNER,PROMOTE,0.2435129740518962,"[0.217, 0.271]",1000,0.053106026014060614,LOW
TPL_0151,WINNER,PROMOTE,0.24257425742574257,"[0.186, 0.304]",200,0.11773222796061675,LOW
TPL_0531,WINNER,PROMOTE,0.24064837905236908,"[0.212, 0.271]",800,0.05910840078331356,LOW
TPL_0261,WINNER,PROMOTE,0.2376237623762376,"[0.182, 0.299]",200,0.11690098310795222,LOW
TPL_0451,WINNER,PROMOTE,0.2345309381237525,"[0.209, 0.261]",1000,0.05242525142150631,LOW
TPL_0081,WINNER,PROMOTE,0.23267326732673269,"[0.177, 0.293]",200,0.11604778061689244,LOW
TPL_0551,WINNER,PROMOTE,0.22954091816367264,"[0.204, 0.256]",1000,0.05203292989147995,LOW
TPL_0201,WINNER,PROMOTE,0.2275449101796407,"[0.202, 0.254]",1000,0.0518731108953715,LOW
TPL_0431,WINNER,PROMOTE,0.22554890219560877,"[0.200, 0.252]",1000,0.05171161736990412,LOW
TPL_0306,WINNER,PROMOTE,0.22443890274314215,"[0.196, 0.254]",800,0.05768732998077178,LOW
TPL_0371,WINNER,PROMOTE,0.22355289421157684,"[0.198, 0.250]",1000,0.05154843357704503,LOW
TPL_0486,WINNER,PROMOTE,0.22277227722772278,"[0.168, 0.283]",200,0.11427352311141756,LOW
TPL_0381,WINNER,PROMOTE,0.21782178217821782,"[0.164, 0.277]",200,0.11335140621948203,LOW
TPL_0266,WINNER,PROMOTE,0.21571072319201995,"[0.188, 0.245]",800,0.056870822161124546,LOW
TPL_0576,WINNER,PROMOTE,0.21287128712871287,"[0.159, 0.272]",200,0.11240520348881916,LOW
TPL_0131,WINNER,PROMOTE,0.2079207920792079,"[0.155, 0.266]",200,0.11143430149698166,LOW
TPL_0126,WINNER,PROMOTE,0.2052980132450331,"[0.162, 0.253]",300,0.09084051294502668,LOW
TPL_0296,WINNER,PROMOTE,0.20324189526184538,"[0.176, 0.232]",800,0.05563816990284268,LOW
TPL_0411,WINNER,PROMOTE,0.20297029702970298,"[0.151, 0.261]",200,0.11043804896170867,LOW
TPL_0086,WINNER,PROMOTE,0.20119521912350596,"[0.167, 0.237]",500,0.0700119895985693,LOW
TPL_0461,UNCERTAIN,CONTINUE_TESTING,0.19801980198019803,"[0.146, 0.256]",200,0.10941575357203653,LOW
TPL_0506,UNCERTAIN,CONTINUE_TESTING,0.19306930693069307,"[0.142, 0.250]",200,0.1083666784611981,LOW
TPL_0466,WINNER,PROMOTE,0.18962075848303392,"[0.166, 0.214]",1000,0.048498483480219845,LOW
TPL_0096,WINNER,PROMOTE,0.18762475049900199,"[0.164, 0.212]",1000,0.04830170459853733,LOW
TPL_0216,WINNER,PROMOTE,0.18725099601593626,"[0.154, 0.222]",500,0.06812511086050699,LOW
TPL_0156,UNCERTAIN,CONTINUE_TESTING,0.18543046357615894,"[0.144, 0.231]",300,0.08739331571929193,LOW
TPL_0286,UNCERTAIN,CONTINUE_TESTING,0.18316831683168316,"[0.133, 0.239]",200,0.10618499474535806,LOW
TPL_0416,UNCERTAIN,CONTINUE_TESTING,0.18211920529801323,"[0.141, 0.228]",300,0.08678303369877616,LOW
TPL_0526,WINNER,PROMOTE,0.18063872255489022,"[0.157, 0.205]",1000,0.04759647348036211,LOW
TPL_0406,UNCERTAIN,CONTINUE_TESTING,0.17880794701986755,"[0.138, 0.224]",300,0.08616197104610918,LOW
TPL_0196,UNCERTAIN,CONTINUE_TESTING,0.1782178217821782,"[0.129, 0.234]",200,0.1050506517916352,LOW
TPL_0031,UNCERTAIN,CONTINUE_TESTING,0.17729083665338646,"[0.145, 0.212]",500,0.06669015275238885,LOW
TPL_0186,WINNER,PROMOTE,0.17581047381546136,"[0.150, 0.203]",800,0.05262650275597708,LOW
TPL_0346,UNCERTAIN,CONTINUE_TESTING,0.17326732673267325,"[0.124, 0.228]",200,0.10388604991272259,LOW
TPL_0181,UNCERTAIN,CONTINUE_TESTING,0.16832917705735662,"[0.143, 0.195]",800,0.05172643786123962,LOW
TPL_0326,UNCERTAIN,CONTINUE_TESTING,0.16733067729083664,"[0.136, 0.201]",500,0.06517712761633479,LOW
TPL_0176,UNCERTAIN,CONTINUE_TESTING,0.1656686626746507,"[0.143, 0.189]",1000,0.04599418749819642,LOW
TPL_0391,UNCERTAIN,CONTINUE_TESTING,0.16367265469061876,"[0.141, 0.187]",1000,0.04577064355161373,LOW
TPL_0401,UNCERTAIN,CONTINUE_TESTING,0.16334661354581673,"[0.132, 0.197]",500,0.06454883869522837,LOW
TPL_0321,UNCERTAIN,CONTINUE_TESTING,0.1633416458852868,"[0.139, 0.190]",800,0.05110594568121038,LOW
TPL_0011,UNCERTAIN,CONTINUE_TESTING,0.1626746506986028,"[0.140, 0.186]",1000,0.045657959724757974,LOW
TPL_0596,UNCERTAIN,CONTINUE_TESTING,0.1596806387225549,"[0.138, 0.183]",1000,0.04531620633908329,LOW
TPL_0561,UNCERTAIN,CONTINUE_TESTING,0.15737051792828685,"[0.127, 0.190]",500,0.06358046269052928,LOW
TPL_0061,UNCERTAIN,CONTINUE_TESTING,0.15469061876247506,"[0.133, 0.178]",1000,0.044733993338742006,LOW
TPL_0541,UNCERTAIN,CONTINUE_TESTING,0.1546134663341646,"[0.130, 0.180]",800,0.049978639839964256,LOW
TPL_0246,UNCERTAIN,CONTINUE_TESTING,0.15346534653465346,"[0.107, 0.206]",200,0.09890326769182904,LOW
TPL_0051,UNCERTAIN,CONTINUE_TESTING,0.152317880794702,"[0.114, 0.195]",300,0.08077463014961536,LOW
TPL_0386,UNCERTAIN,CONTINUE_TESTING,0.152317880794702,"[0.114, 0.195]",300,0.08077463014961536,LOW
TPL_0251,UNCERTAIN,CONTINUE_TESTING,0.15139442231075698,"[0.121, 0.184]",500,0.06257966756362873,LOW
TPL_0276,UNCERTAIN,CONTINUE_TESTING,0.15139442231075698,"[0.121, 0.184]",500,0.06257966756362873,LOW
TPL_0036,UNCERTAIN,CONTINUE_TESTING,0.14962593516209477,"[0.126, 0.175]",800,0.049309622328148645,LOW
TPL_0456,UNCERTAIN,CONTINUE_TESTING,0.1485148514851485,"[0.103, 0.201]",200,0.09757026882049795,LOW
TPL_0586,UNCERTAIN,CONTINUE_TESTING,0.14741035856573706,"[0.118, 0.180]",500,0.061893685738972096,LOW
TPL_0021,UNCERTAIN,CONTINUE_TESTING,0.14356435643564355,"[0.099, 0.195]",200,0.09619950346349965,LOW
TPL_0521,UNCERTAIN,CONTINUE_TESTING,0.14356435643564355,"[0.099, 0.195]",200,0.09619950346349965,LOW
TPL_0206,UNCERTAIN,CONTINUE_TESTING,0.14214463840399003,"[0.119, 0.167]",800,0.048270227577538294,LOW
TPL_0101,UNCERTAIN,CONTINUE_TESTING,0.14143426294820718,"[0.112, 0.173]",500,0.060835264558724345,LOW
TPL_0471,UNCERTAIN,CONTINUE_TESTING,0.13872255489021956,"[0.118, 0.161]",1000,0.04275781770270011,LOW
TPL_0376,UNCERTAIN,CONTINUE_TESTING,0.1357615894039735,"[0.100, 0.177]",300,0.0769823377013301,LOW
TPL_0146,UNCERTAIN,CONTINUE_TESTING,0.13366336633663367,"[0.090, 0.184]",200,0.09333797495469863,LOW
TPL_0441,UNCERTAIN,CONTINUE_TESTING,0.13346613545816732,"[0.105, 0.165]",500,0.05936610965839435,LOW
TPL_0226,UNCERTAIN,CONTINUE_TESTING,0.13245033112582782,"[0.097, 0.173]",300,0.07617932501463406,LOW
TPL_0241,UNCERTAIN,CONTINUE_TESTING,0.1317365269461078,"[0.112, 0.153]",1000,0.04183455832180705,LOW
TPL_0256,UNCERTAIN,CONTINUE_TESTING,0.128428927680798,"[0.106, 0.152]",800,0.04624398111150631,LOW
TPL_0301,UNCERTAIN,CONTINUE_TESTING,0.12749003984063745,"[0.100, 0.158]",500,0.058218057887290176,LOW
TPL_0556,UNCERTAIN,CONTINUE_TESTING,0.1188118811881188,"[0.078, 0.167]",200,0.08871627305187335,LOW
TPL_0351,UNCERTAIN,CONTINUE_TESTING,0.11676646706586827,"[0.098, 0.137]",1000,0.039720711439047846,LOW
TPL_0341,UNCERTAIN,CONTINUE_TESTING,0.11471321695760599,"[0.094, 0.138]",800,0.04404310222026078,LOW
TPL_0141,UNCERTAIN,CONTINUE_TESTING,0.11386138613861387,"[0.074, 0.161]",200,0.087078611132736,LOW
TPL_0491,UNCERTAIN,CONTINUE_TESTING,0.11377245508982035,"[0.095, 0.134]",1000,0.03927380377656904,LOW
TPL_0056,UNCERTAIN,CONTINUE_TESTING,0.11258278145695365,"[0.080, 0.151]",300,0.07100687247018989,LOW
TPL_0436,UNCERTAIN,CONTINUE_TESTING,0.10891089108910891,"[0.070, 0.155]",200,0.08538781856853284,LOW
TPL_0026,UNCERTAIN,CONTINUE_TESTING,0.10756972111553785,"[0.082, 0.136]",500,0.05407032914983963,LOW
TPL_0221,UNCERTAIN,CONTINUE_TESTING,0.10557768924302789,"[0.080, 0.134]",500,0.05362548180859503,LOW
TPL_0136,UNCERTAIN,CONTINUE_TESTING,0.10224438902743142,"[0.082, 0.124]",800,0.04186763765922756,LOW
TPL_0481,UNCERTAIN,CONTINUE_TESTING,0.10099750623441396,"[0.081, 0.123]",800,0.04163991062948606,LOW
TPL_0356,UNCERTAIN,CONTINUE_TESTING,0.09900990099009901,"[0.062, 0.144]",200,0.08183357628098276,LOW
TPL_0331,UNCERTAIN,CONTINUE_TESTING,0.09602649006622517,"[0.065, 0.132]",300,0.06615851114496951,LOW
TPL_0236,UNCERTAIN,CONTINUE_TESTING,0.09405940594059406,"[0.058, 0.138]",200,0.07996245911855165,LOW
TPL_0171,UNCERTAIN,CONTINUE_TESTING,0.09405940594059406,"[0.058, 0.138]",200,0.07996245911855165,LOW
TPL_0076,UNCERTAIN,CONTINUE_TESTING,0.0891089108910891,"[0.054, 0.132]",200,0.07802272313305966,LOW
TPL_0501,UNCERTAIN,CONTINUE_TESTING,0.08603491271820449,"[0.068, 0.106]",800,0.03874321529341482,LOW
TPL_0546,UNCERTAIN,CONTINUE_TESTING,0.08415841584158416,"[0.050, 0.126]",200,0.0760091208828835,LOW
TPL_0536,UNCERTAIN,CONTINUE_TESTING,0.08383233532934131,"[0.067, 0.102]",1000,0.03426790483573311,LOW
TPL_0396,UNCERTAIN,CONTINUE_TESTING,0.08354114713216958,"[0.065, 0.104]",800,0.0382282086749664,LOW
TPL_0591,UNCERTAIN,CONTINUE_TESTING,0.08229426433915212,"[0.064, 0.102]",800,0.03796691020137123,LOW
TPL_0291,UNCERTAIN,CONTINUE_TESTING,0.0796812749003984,"[0.058, 0.105]",500,0.04723150870285565,LOW
TPL_0191,UNCERTAIN,CONTINUE_TESTING,0.07947019867549669,"[0.052, 0.112]",300,0.060696869774608454,LOW
TPL_0281,UNCERTAIN,CONTINUE_TESTING,0.07947019867549669,"[0.052, 0.112]",300,0.060696869774608454,LOW
TPL_0046,UNCERTAIN,CONTINUE_TESTING,0.07920792079207921,"[0.046, 0.120]",200,0.07391562330575585,LOW
TPL_0166,UNCERTAIN,CONTINUE_TESTING,0.07920792079207921,"[0.046, 0.120]",200,0.07391562330575585,LOW
TPL_0116,UNCERTAIN,CONTINUE_TESTING,0.07784431137724551,"[0.062, 0.095]",1000,0.0331264879746716,LOW
TPL_0496,UNCERTAIN,CONTINUE_TESTING,0.07768924302788845,"[0.056, 0.103]",500,0.046685242923700854,LOW
TPL_0581,UNCERTAIN,CONTINUE_TESTING,0.07768924302788845,"[0.056, 0.103]",500,0.046685242923700854,LOW
TPL_0041,UNCERTAIN,CONTINUE_TESTING,0.07605985037406483,"[0.059, 0.095]",800,0.03662028431979816,LOW
TPL_0421,UNCERTAIN,CONTINUE_TESTING,0.0748502994011976,"[0.059, 0.092]",1000,0.032534437014702655,LOW
TPL_0476,UNCERTAIN,CONTINUE_TESTING,0.0718562874251497,"[0.057, 0.089]",1000,0.031927108730680186,LOW
TPL_0071,UNCERTAIN,CONTINUE_TESTING,0.06930693069306931,"[0.039, 0.108]",200,0.06945981965925227,LOW
TPL_0121,UNCERTAIN,CONTINUE_TESTING,0.06359102244389027,"[0.048, 0.081]",800,0.033700145190106306,LOW
TPL_0001,UNCERTAIN,CONTINUE_TESTING,0.06287425149700598,"[0.049, 0.079]",1000,0.030004068305948803,LOW
TPL_0361,UNCERTAIN,CONTINUE_TESTING,0.06109725685785536,"[0.046, 0.079]",800,0.033074410129806005,LOW
TPL_0366,UNCERTAIN,CONTINUE_TESTING,0.059850374064837904,"[0.045, 0.077]",800,0.03275569811805023,LOW
TPL_0271,UNCERTAIN,CONTINUE_TESTING,0.05976095617529881,"[0.041, 0.082]",500,0.04131427695417127,LOW
TPL_0311,UNCERTAIN,CONTINUE_TESTING,0.049800796812749,"[0.033, 0.070]",500,0.037892038133638416,LOW
TPL_0091,UNCERTAIN,CONTINUE_TESTING,0.04780876494023904,"[0.031, 0.068]",500,0.03716002063360502,LOW
TPL_0006,UNCERTAIN,CONTINUE_TESTING,0.043824701195219126,"[0.028, 0.063]",500,0.03564073214663707,LOW
TPL_0446,UNCERTAIN,CONTINUE_TESTING,0.04183266932270916,"[0.026, 0.061]",500,0.034851054235280246,LOW
TPL_0211,UNCERTAIN,CONTINUE_TESTING,0.0399002493765586,"[0.027, 0.054]",800,0.027002797728985724,LOW
TPL_0336,UNCERTAIN,CONTINUE_TESTING,0.039735099337748346,"[0.021, 0.064]",300,0.043680055970373444,LOW
TPL_0161,UNCERTAIN,CONTINUE_TESTING,0.03865336658354115,"[0.026, 0.053]",800,0.02659246106084305,LOW
TPL_0111,UNCERTAIN,CONTINUE_TESTING,0.03792415169660679,"[0.027, 0.051]",1000,0.023589217038288805,LOW
TPL_0571,LOSER,SUPPRESS,0.03293413173652695,"[0.023, 0.045]",1000,0.022031894703253608,LOW
TPL_0066,LOSER,SUPPRESS,0.03117206982543641,"[0.020, 0.044]",800,0.02395742514548522,LOW
TPL_0316,UNCERTAIN,CONTINUE_TESTING,0.029801324503311258,"[0.014, 0.052]",300,0.0379340952706146,LOW
TPL_0106,LOSER,SUPPRESS,0.027888446215139442,"[0.015, 0.044]",500,0.028603614959633344,LOW
TPL_0566,LOSER,SUPPRESS,0.02694610778443114,"[0.018, 0.038]",1000,0.01997854358088723,LOW
TPL_0231,UNCERTAIN,CONTINUE_TESTING,0.024752475247524754,"[0.008, 0.050]",200,0.04204140958029308,LOW
TPL_0516,LOSER,SUPPRESS,0.023178807947019868,"[0.009, 0.043]",300,0.033479840309727386,LOW
